id,nombre,apellido,cuit
1,Lauri,Sammonds,75-32595945-8
2,Rubia,Binyon,78-60158991-1
3,Kacy,Behrens,98-60867421-9
4,Monroe,Ebunoluwa,91-43168706-8
5,Matteo,Rudolf,67-14210536-2
6,Malena,Palfreyman,82-03664506-7
7,Carlen,Calladine,27-61083561-5
8,Suellen,Turnor,24-09802929-7
9,Lebbie,Fyfield,72-82344266-2
10,Perri,Faussett,99-32447761-8
11,Janey,Managh,95-26896043-6
12,Trescha,Bazire,14-58722311-4
13,Zak,Grewar,70-25017127-7
14,Mallory,Luno,13-79019089-7
15,Marylynne,McCamish,71-33469751-7
16,Marie,Baddam,44-90051957-9
17,Delcine,Buckleigh,50-46012682-6
18,Arlie,Lillistone,00-58224309-7
19,Baryram,Waith,45-68217729-7
20,Tracey,McPike,39-42645922-9
21,Hermon,Cranefield,17-84136619-6
22,Aubrette,Tripony,19-11532944-9
23,Brooke,Dron,49-96185254-1
24,Maia,Bottrill,05-08659998-4
25,Elena,Gritton,77-48798330-4
26,Theodore,Blatchford,08-17309634-8
27,Hamilton,Argrave,31-00492355-4
28,Garvey,Hightown,06-28290990-6
29,Margeaux,Karslake,89-47838631-4
30,Gradey,Harrisson,40-81886687-4
31,Holli,Conn,23-96381687-1
32,Flemming,Syncke,99-14509763-0
33,Bride,Stanway,42-02630858-0
34,Genvieve,Terrill,79-44264619-9
35,Stefania,Elie,34-24643241-7
36,Simone,Laurencot,87-26699369-7
37,Dukey,Cridlon,14-02386123-9
38,Angelico,Dulake,05-07566319-9
39,Ines,Marple,72-78867685-8
40,Katalin,Surmeyers,23-51430937-3
41,Roseanna,Pindell,89-40907696-8
42,Rey,Volage,31-05037356-0
43,Polly,Stapleford,59-28303355-7
44,Larissa,Pasley,67-75269506-9
45,Ricki,Confait,25-92677573-0
46,Sindee,Devin,04-77959387-4
47,Keary,Iacobassi,53-72068521-3
48,Sherlock,Souch,95-20661485-7
49,Burnaby,Calleja,67-00711558-2
50,Ricky,Dillestone,85-13520510-4
51,Vaclav,Crehan,81-25785226-1
52,Nonah,Feilden,10-80596843-9
53,Gill,Morey,19-60377957-4
54,Jolynn,Waddam,71-85895999-2
55,Moll,Annett,29-71676390-5
56,Noelyn,Celler,39-75858940-2
57,Moe,Bastick,57-66770778-2
58,Tirrell,Timbrell,84-21792344-1
59,Cosme,List,13-90837144-3
60,Cristionna,McOwen,40-67102182-0
61,Jillene,Grodden,04-09337992-3
62,Teodorico,Metcalfe,89-02435061-4
63,Mauricio,Kitt,59-79836608-2
64,Tate,McKnockiter,98-84985901-1
65,Mariellen,Savil,32-19606293-2
66,Roth,Chubb,39-13274960-3
67,Lauri,Rechert,08-67579478-6
68,Idell,Joe,30-61222589-3
69,Regen,Champagne,32-69806990-2
70,Maible,Higgoe,86-73836616-6
71,Montague,Jozefczak,79-83301432-9
72,Darrel,Hug,87-21336918-4
73,Steve,Hardwidge,66-94387874-5
74,Charlotta,Kuhnt,22-46234002-1
75,Torey,Bottrell,33-44532209-7
76,Fredelia,Huyghe,36-82369710-4
77,Aurie,Callard,33-70884157-1
78,Winfield,Syphas,55-81420954-2
79,Coleman,Shildrick,70-97667154-5
80,Katha,Jahnel,59-57482252-9
81,Cody,Piscopello,91-17081737-2
82,Taite,Columbine,87-64416808-1
83,Antonius,Dron,83-65736072-7
84,Queenie,Reams,36-75845401-8
85,Janeta,Maydway,80-79135505-9
86,Raleigh,Sprules,98-49368505-2
87,Marcus,Cherm,96-02140588-4
88,Worden,Andrzejczak,58-85521536-4
89,Barrie,Deelay,11-24558547-2
90,Irita,Dods,73-16071321-7
91,Dory,Storms,42-99774054-9
92,Ag,Batteson,62-10529805-1
93,Isabella,Powrie,42-84657723-3
94,Giacobo,Lawfull,51-99860944-6
95,Rodina,Millier,61-39842402-2
96,Cristobal,Caillou,12-37175929-9
97,Fleurette,Wyllcock,57-59697928-1
98,Portie,Steely,73-24892588-6
99,Dorena,Turfes,35-06772785-3
100,Forster,Blowfelde,76-65788414-4
101,Ryan,Garnsworth,70-23791146-4
102,Fenelia,O'Sheerin,94-79756746-2
103,Ruddie,Clout,30-74789705-7
104,Zondra,Backshell,48-25229664-2
105,Sena,Pile,23-71399088-3
106,Colene,Torresi,56-93765445-5
107,Neille,Wanne,14-12930642-2
108,Cymbre,Antic,52-61649285-0
109,Sibbie,Challenger,93-48536055-5
110,Orelle,Stackbridge,63-65527319-4
111,Blondie,Gubbins,37-02843205-5
112,Marinna,Casetti,73-91541670-5
113,Fax,Sawkin,08-25570924-1
114,Roseline,Lumpkin,87-87826702-7
115,Sue,Trout,49-77404855-7
116,Hetti,Josilowski,91-25414564-1
117,Alonzo,Durn,89-79317070-8
118,Zachariah,Girton,22-31052666-3
119,Sky,Blance,68-72669682-3
120,Meggie,Brailey,02-07500066-5
121,Mehetabel,Ayling,76-34239750-6
122,Linnet,Aronov,53-64560266-2
123,Bessie,De Vaux,50-09569365-0
124,Guthrey,Cloney,99-23741349-6
125,Albie,Tallet,41-59416597-5
126,Town,McTavish,46-68951588-7
127,Oona,Sandom,12-34690140-7
128,Ivy,Tomlins,44-32297803-6
129,Diena,Thrower,48-81614702-3
130,Maurice,Remon,41-29436046-1
131,Virgie,Neaves,87-82895120-9
132,Lucita,Pollitt,18-90804117-4
133,Saree,Moules,15-86874414-5
134,Darsey,Whelpton,21-54170031-5
135,Logan,Story,17-05359122-8
136,Crysta,McCarrell,08-81431571-3
137,Finn,Atterley,95-16792093-8
138,Claudius,Luard,16-83253871-9
139,Godfrey,Threlfall,79-23323519-0
140,Rock,Biesterfeld,27-93197395-9
141,Rainer,Terrill,26-29450295-5
142,Charmaine,Cowden,52-88575673-6
143,Renard,Durnin,15-70649853-2
144,Jazmin,Ryder,32-65407907-0
145,Imojean,Bolton,85-26187466-8
146,Perceval,Vawton,99-18909085-3
147,Tracee,Langridge,70-37736851-7
148,Danette,Lawty,13-63144449-1
149,Lazaro,Wornham,00-52122529-8
150,Martguerita,McGragh,54-52185728-1
151,Tish,Rennebeck,51-55451696-8
152,Keefer,Iacomo,11-98944159-2
153,Joli,Derricoat,14-82128533-4
154,Bessy,Cahey,16-47734315-1
155,Marnie,Carous,70-35824277-9
156,Nydia,Piet,34-53873115-0
157,Baryram,O'Meara,59-43440732-2
158,Rogers,Howcroft,42-42346857-2
159,Gibbie,Gianasi,65-86708643-6
160,Seymour,Pretsel,64-84434952-6
161,Tybalt,Cowope,62-27291441-3
162,Jud,De la Feld,74-48802335-7
163,Claiborn,Reignolds,83-29775291-7
164,Ilene,Tapley,74-80626064-3
165,Ches,Rickaert,17-41817690-9
166,Chilton,Heape,58-39879809-2
167,Isidora,Seivwright,93-65055750-7
168,Ofilia,Gionettitti,48-48647324-3
169,Ardath,Toffano,56-27190567-4
170,Zechariah,Waldren,30-30908962-9
171,Stacy,MacKegg,90-43515782-5
172,Hattie,Evers,91-27488377-0
173,Luci,Kidds,16-49177902-6
174,Cami,Jerome,93-31078787-6
175,Ginny,Blundell,96-09575683-5
176,Ginger,Clemo,12-03936157-1
177,Dewie,Bourhill,17-19233922-3
178,Adi,Van't Hoff,84-36160996-1
179,Madalena,Zukerman,48-00899341-7
180,Charissa,Erett,01-74402324-0
181,Ailbert,Edmead,35-37297672-7
182,Burgess,Dainter,64-50142162-0
183,Rosana,Di Biagi,53-65344822-2
184,Dana,McFayden,10-26059386-8
185,Katharina,Doel,06-56333434-2
186,Tatum,Heeney,13-09901253-7
187,Daniele,Draysey,74-00509865-8
188,Darrelle,Hanaby,57-01190625-5
189,Alexandr,Claffey,06-48587082-7
190,Falito,Cawt,30-11573959-6
191,Gwenneth,Earey,12-09183872-4
192,Joshua,Keddie,37-36898917-5
193,Gregorius,Kennington,63-73308614-1
194,Sonia,Fenner,34-38363612-0
195,Julia,Brookz,59-03544032-0
196,Ruby,Pigot,57-08051768-2
197,Parry,Dunbabin,74-38110292-7
198,Amber,Postlethwaite,59-86397992-4
199,Samara,Scolland,78-28568013-1
200,Bird,Mardell,96-08066552-6
201,Dorette,Chicchelli,18-14141146-5
202,Rochelle,Marusyak,21-26555635-4
203,Annecorinne,Jaxon,51-63394526-5
204,Jethro,McLoughlin,50-27540345-5
205,Norah,Ekless,97-96518203-6
206,Gabbi,Chattaway,93-67030877-5
207,Alf,Giovannacci,32-10880967-6
208,Nertie,Petriello,84-91487346-3
209,Fremont,Baskwell,41-12564971-0
210,Taite,Banishevitz,98-44003727-2
211,Marne,Presslee,44-47677888-7
212,Ives,Pllu,31-81892312-1
213,Hort,Hollerin,35-63209160-6
214,Julieta,Orcas,19-24160694-3
215,Bobbe,Clegg,05-01802737-3
216,Sharon,Khrishtafovich,01-78974921-9
217,Della,Tant,33-81759707-6
218,Loise,Lere,38-27146927-3
219,Delphine,MacSkeagan,06-47899600-5
220,Madelaine,Hume,62-57818207-4
221,Otes,Widdall,42-19372636-8
222,Cati,Besson,94-00687825-6
223,Bride,Moorrud,60-36332054-0
224,Abbye,Pilger,65-21508615-8
225,Lishe,O'Leagham,77-05657807-4
226,Hyacintha,Topham,11-59654836-6
227,Abbe,Passie,12-35011440-3
228,Kevina,Gullivan,44-98872984-7
229,Ches,Poynzer,39-26795834-5
230,Eziechiele,Branthwaite,85-95976202-6
231,Bartlet,Blofield,04-52686016-8
232,Nomi,Jenkins,23-07377265-0
233,Sully,O'Crigan,90-79187882-2
234,Beilul,Petricek,19-05364135-6
235,Alaine,Akker,99-48130313-1
236,Alberik,Hadenton,99-32769763-5
237,Willamina,Dudleston,23-08242556-7
238,Clim,Ohlsen,52-57523518-8
239,Kitti,Dunklee,07-73170913-4
240,Addie,Bow,65-56266503-1
241,Dew,Corkett,35-86324822-0
242,Karel,Slyne,16-78025150-9
243,Ernaline,Montrose,27-71881938-2
244,Dot,Walkey,46-06693580-2
245,Hattie,Dafforne,76-29446293-4
246,Ned,Bankhurst,88-80430651-0
247,Boyd,Corkitt,94-03731772-5
248,Aleta,Northover,29-70714151-8
249,Eugenio,Crepin,71-50376834-6
250,Theodore,Daveran,14-58542843-6
251,Zitella,Ranscomb,15-14408452-8
252,Obed,Vost,78-06925814-8
253,Staci,Begg,51-93636562-7
254,Addia,Trevett,35-61452401-3
255,Debee,Killeley,42-76319746-2
256,Johannah,Gallyhaock,33-65385298-1
257,Jaquelin,Ferrie,86-78512615-4
258,Mikel,Benjamin,55-51973816-4
259,Almeda,Trollope,12-12734888-9
260,Collen,Dizlie,09-20570755-7
261,Roz,Everall,69-66393527-3
262,Konstantine,O'Sullivan,35-09242773-1
263,Cal,Berget,19-24375188-6
264,Worthington,Heimes,69-82368624-2
265,Guilbert,Fripps,76-26488695-0
266,Theobald,Trinkwon,85-98482640-0
267,Brigg,Conechie,60-83606338-4
268,Cory,McNirlan,29-31302907-9
269,Catherine,Julyan,26-16203984-1
270,Alphonse,Jeacocke,57-35536423-8
271,Becki,McKiddin,79-46513086-0
272,Crin,Coalbran,82-28453965-1
273,Rivi,Dodworth,52-09326791-0
274,Addia,Jammet,50-34129766-0
275,Jennica,Ahrens,12-76674591-4
276,Licha,Ovenell,74-71784629-7
277,Enid,Eitter,51-97280839-3
278,Cindra,Twyford,23-05229765-9
279,Hill,Bachelar,05-20948768-2
280,Mehetabel,Norvill,22-43185086-3
281,Chilton,Pawelek,69-20913943-1
282,Bayard,Geertje,29-73184005-6
283,Tiffie,Wodham,22-78606924-3
284,Tadd,Dukes,96-53892125-9
285,Tessa,Bown,88-79148327-0
286,Wolf,Mosdill,95-98913710-6
287,Chlo,Duester,58-84182221-9
288,Licha,McManamen,03-52906885-5
289,Alicia,Woolward,40-50152719-4
290,Lesly,Lightowlers,59-09242960-5
291,Danette,Aldersea,44-28971859-7
292,Terrill,De Ruel,14-39443658-7
293,Blane,Mullender,71-13419249-3
294,Delphine,Neaves,23-54478889-9
295,Piggy,Biddleston,67-53546391-4
296,Briant,Garley,30-13078477-3
297,Curtis,Tatchell,62-21002443-5
298,Susana,Lynett,50-17960398-0
299,Harbert,Aronsohn,08-05478729-5
300,Kristo,Haslam,66-20124018-2
301,Alfonse,Cecere,50-27811335-7
302,Dorthy,Brigge,18-03230310-9
303,Melisse,Gwynne,81-36323575-8
304,Laryssa,Gilks,53-69171929-8
305,Dalton,Robun,82-04349199-3
306,Lyndel,Couzens,49-47064363-9
307,Emmalee,Allkins,37-86716560-7
308,Tait,Pavy,32-85515751-2
309,Laurice,Docksey,42-23070338-5
310,Helaina,Conkling,50-62632023-5
311,Emerson,Popeley,59-72590843-2
312,Fred,Follacaro,22-58019666-4
313,Peterus,Pritchitt,49-76380614-1
314,Jacklyn,Meaney,34-91676680-2
315,Kevan,Cramond,15-87972615-6
316,Clevey,Feighney,44-17738992-5
317,Donall,Easom,11-59528811-3
318,Dennie,Hardwicke,49-30215704-3
319,Mill,Melluish,83-12147123-4
320,Adele,Ferreiro,37-73057597-7
321,Leopold,Shead,58-11393114-8
322,Giovanna,Sewell,11-24623727-6
323,Odille,Megarrell,17-97888402-0
324,Debor,Clac,05-74840198-6
325,Stace,Kingstne,25-54844405-3
326,Emery,Spencook,26-66539595-1
327,Catina,Tolemache,68-73462928-9
328,Gavra,Lackie,50-62194122-1
329,Alic,Curner,04-58368254-2
330,Sophia,Wilfling,30-78224483-9
331,Hendrika,Foster-Smith,08-71627116-6
332,Fionnula,Le Quesne,36-74898740-2
333,North,Impett,12-39140925-8
334,Lusa,Drewitt,38-04627364-3
335,Vivien,Avramchik,34-52505123-4
336,Philbert,Gresly,45-41762186-0
337,Arvy,Garrand,34-61012378-4
338,Banky,Monni,51-15483991-4
339,Jackie,Craven,65-16800275-0
340,Robinson,Ollier,23-73899243-8
341,Toma,Doumenc,01-42452593-3
342,Hakim,Prentice,16-98992097-7
343,Harley,Rotchell,24-94229263-6
344,Trisha,Chasle,46-83353944-7
345,Cosette,Scotchford,54-46997695-9
346,Lory,Grier,49-52789052-9
347,Page,Antram,67-32828786-6
348,Ninnette,Credland,80-15269933-1
349,Katrinka,Siggers,71-68608361-2
350,Matilde,Fredi,70-03126823-5
351,Brendis,Draaisma,26-02578842-9
352,Jaimie,Nolleth,83-73532937-0
353,Shanan,Ick,63-28921902-9
354,Fina,Oxe,46-32629976-7
355,Etta,Jirek,82-67500852-4
356,Shay,Itzcovich,33-09229634-4
357,Candide,Kibel,97-76950345-8
358,Taddeusz,Truitt,48-16767321-9
359,Stepha,Cahillane,43-59684917-4
360,Robinetta,Prynne,34-75065783-6
361,Viviyan,Tremoulet,08-13754804-7
362,Frasquito,Dohmer,36-59328571-8
363,Lovell,Lindback,77-53295267-7
364,Delmer,Maryet,29-03986153-0
365,Web,McHaffy,99-01852194-7
366,Brenda,Snowman,45-70447033-7
367,Jefferey,Tregaskis,77-38800001-7
368,Marisa,Gullen,05-44157396-7
369,Clevie,Feighney,70-13478473-9
370,Miller,Cabel,62-78266696-9
371,Marijo,Pandya,07-10455275-7
372,Priscilla,Iacobetto,07-96553915-7
373,Cynde,Van Der Walt,03-48910443-3
374,Marga,Ducarne,99-31123404-6
375,Welsh,Torvey,20-18854924-7
376,Kitti,Christall,77-61108266-7
377,Jolie,Calverd,55-36656728-6
378,Kat,Leuchars,84-65594900-3
379,Mattie,Trevaskiss,03-47055495-9
380,Felipa,Cardoe,11-83796272-8
381,Ilse,Castille,75-73213923-7
382,Glad,Beert,40-07551630-4
383,Berne,Oakenfall,06-36574649-7
384,Ellette,Apfler,62-45304595-1
385,Madlen,Wolfit,67-51628047-2
386,Melanie,Limrick,19-21275045-3
387,Orson,I'anson,18-55015350-7
388,Louella,Looby,60-09335438-7
389,Wilfred,Giorgi,50-30065563-2
390,Cad,St. Quintin,82-16184031-1
391,Bert,Keedwell,82-25909697-7
392,Garrek,Avramchik,83-28792311-2
393,Bertrand,Meenan,59-80651060-6
394,Kathi,Fripp,17-19570205-4
395,Mikkel,Thresher,50-93112862-4
396,Lucia,Dennerley,36-75478755-9
397,Michel,Karchowski,69-15510364-6
398,Benedicto,Antonescu,02-13598968-9
399,Abbye,Devereux,59-57722156-1
400,Orrin,Skiggs,77-13113596-5
401,Estevan,Sygroves,71-83200544-6
402,Elsey,Boyer,62-64419709-6
403,Gladi,Lucock,26-53985595-2
404,Franky,Treleaven,93-28302565-8
405,Addie,Gertz,16-84481635-4
406,Jose,Dundridge,30-83961971-9
407,Sloan,Leworthy,80-01936901-5
408,Cymbre,Gubbins,43-21022321-5
409,Porty,Knowles,27-01592408-2
410,Clareta,Caldicot,22-75657248-1
411,Grant,Vigus,79-84799950-7
412,Cristian,Kenwyn,74-77618395-6
413,Halley,Arthars,54-98261465-6
414,Reidar,Gouldstraw,21-72135392-6
415,Zedekiah,Ellershaw,66-83251060-6
416,Jillene,Peverell,04-62076639-1
417,Daffie,Pittendreigh,99-96020257-2
418,Gilligan,Rawll,90-65991423-5
419,Keane,Glasscoe,51-99702483-8
420,Ham,O'Conor,24-15207974-2
421,Hakim,Backler,72-23912992-9
422,Inesita,Domange,26-61902948-6
423,Enrico,Toplin,88-02019283-3
424,Peter,MacKinnon,01-25941011-2
425,Sanderson,Lammertz,39-45359512-8
426,Derk,Macklin,19-72486852-5
427,Amby,Munt,92-77821937-2
428,Reynolds,Loche,36-90474203-9
429,Leda,Druce,36-76353260-6
430,Joe,Huckfield,36-12688328-5
431,Geri,Bouchier,95-01311859-0
432,Jaine,Sawell,64-79565648-8
433,Minor,Twinborne,57-81615109-9
434,Tiphani,Schuchmacher,38-44381207-9
435,Peggy,Schettini,67-58427121-8
436,Amelita,Gage,49-57064702-2
437,Boycie,Rea,55-64426326-5
438,Terrye,Plewman,88-35559863-3
439,Philippa,MacTerrelly,16-28250049-3
440,Issy,Dauby,96-52984825-8
441,Carlye,Bizzey,46-90808656-1
442,Margery,Friatt,55-70696835-7
443,Lutero,Downe,61-14212469-2
444,Jessa,Gowdridge,69-38731293-8
445,Justine,Crayton,45-64452111-7
446,Buddie,Purchon,23-22049149-8
447,Ailbert,Gaudon,40-84504311-4
448,Bailie,Rowberry,36-73942435-1
449,Corbet,Eakley,91-91293141-9
450,Portia,Darlow,28-61574835-0
451,Torr,Dennant,63-75895531-1
452,Curry,Dellenbroker,20-97035551-4
453,Sheena,Dellow,69-68533117-5
454,Bertine,Rothery,60-54092532-2
455,Adrian,Sharkey,83-80499498-2
456,Harland,Breukelman,77-28951276-9
457,Shellie,Arnott,27-24214763-1
458,Norri,Insole,46-27046159-2
459,Dionis,Klimko,87-86415719-4
460,Arnaldo,Aland,49-78409700-9
461,Barbara,Aguirrezabala,36-01802602-1
462,Gustave,Quiddinton,73-26448475-1
463,Carol,Gerleit,05-72863863-9
464,Jaine,O'Drought,03-99642683-6
465,Berton,Ilymanov,93-24294586-3
466,Yancy,Breheny,18-02702640-4
467,Freeland,Arend,15-66958928-2
468,Dickie,Delaney,37-15217791-7
469,Chrystel,Ogden,03-71905899-0
470,Haley,Witherow,92-11172966-0
471,Ermin,Treversh,87-29073797-3
472,Jere,Donke,89-50003031-1
473,Randy,Norcliffe,23-57457039-9
474,Gay,Rockliffe,01-20534883-5
475,Sol,Mearns,17-72582288-9
476,Boony,Rattrie,57-49180442-2
477,Cam,Wilsone,63-70385825-4
478,Rosalie,Macari,30-07273324-5
479,Deck,Growden,99-08513141-4
480,Bobbi,Huggins,47-38276382-1
481,Jerald,Scoggins,58-32354530-8
482,Standford,Kosel,86-67698416-0
483,Sylvester,Lodford,92-79529769-7
484,Arabelle,Esposita,72-90542953-2
485,Jody,Itschakov,20-90882838-7
486,Roderich,Petracchi,61-77883563-7
487,Nikkie,Flaverty,54-57768357-0
488,Izabel,Paver,29-66294673-5
489,Meara,Yurenev,98-66617491-6
490,Phaedra,Penhalewick,20-29750710-8
491,Bruis,Fancet,98-63769378-0
492,Nealon,Murdy,07-14818572-2
493,Jeffry,Coumbe,38-57683383-6
494,Zaria,Gealy,70-49693184-6
495,Willow,Nelissen,38-24299638-4
496,Vina,Beedham,48-55075424-5
497,Karl,Reay,49-41764171-5
498,Chev,Malzard,81-37315492-6
499,Celestyna,Yegorev,80-11723584-1
500,Daphne,Boler,22-05535136-0
